{"_isFilter":false,"uId":"e532824c-bc93-4b1e-81ee-cb4f086d38f3","name":"FilterEdit","logicalOperation":"Or","items":[{"_isFilter":true,"_filterSchemaUId":"24666f2d-049f-4867-ae2c-db681c40c001","uId":"f7e085bc-9695-4760-b646-2c4e05ec93e5","leftExpression":{"expressionType":"SchemaColumn","metaPath":"ae0e45ca-c495-4fe7-a39d-3ab7278e1617","caption":"Id","dataValueType":{"id":"23018567-a13c-4320-8687-fd6f9e3699bd","name":"Guid","isNumeric":false,"editor":{"controlTypeName":"TextEdit","controlXType":"textedit"},"useClientEncoding":false}},"comparisonType":"Equal","rightExpression":{"expressionType":"Parameter","dataValueType":{"id":"23018567-a13c-4320-8687-fd6f9e3699bd","name":"Guid","isNumeric":false,"editor":{"controlTypeName":"TextEdit","controlXType":"textedit"},"useClientEncoding":false},"parameterValues":[{"displayValue":"\"7dd437e1-27bc-47f2-9b6a-e6e76bfd8a10\"","parameterValue":"\"7dd437e1-27bc-47f2-9b6a-e6e76bfd8a10\""}]}}]}