﻿<?xml version="1.0" encoding="utf-8"?>
<Resources Culture="en-US">
	<Group Type="String">
		<Items>
			<Item Name="Caption" Value="Концертные программы" />
			<Item Name="Columns.UsrCode.Caption" Value="Код" />
			<Item Name="Columns.UsrCollective.Caption" Value="Коллектив " />
			<Item Name="Columns.UsrComment.Caption" Value="Комментарий" />
			<Item Name="Columns.UsrIsActive.Caption" Value="Активна" />
			<Item Name="Columns.UsrName.Caption" Value="Name" />
			<Item Name="Columns.UsrNotes.Caption" Value="Notes" />
			<Item Name="Columns.UsrPereodicity.Caption" Value="Периодичность" />
			<Item Name="Columns.UsrResponsible.Caption" Value="Ответственный" />
			<Item Name="EventsProcessSchema.Caption" Value="Бизнес-процесс" />
		</Items>
	</Group>
</Resources>