{"_isFilter":false,"uId":"b03e801a-eb5a-4f79-a8e8-91642c16ac66","name":"FilterEdit","logicalOperation":"Or","items":[{"_isFilter":true,"_filterSchemaUId":"2b2ed767-0b4b-4a7b-9de2-d48e14a2c0c5","uId":"fe39e450-548b-4bcb-9b8c-1919cf5dcec8","leftExpression":{"expressionType":"SchemaColumn","metaPath":"ae0e45ca-c495-4fe7-a39d-3ab7278e1617","caption":"Id","dataValueType":{"id":"23018567-a13c-4320-8687-fd6f9e3699bd","name":"Guid","isNumeric":false,"editor":{"controlTypeName":"TextEdit","controlXType":"textedit"},"useClientEncoding":false}},"comparisonType":"Equal","rightExpression":{"expressionType":"Parameter","dataValueType":{"id":"23018567-a13c-4320-8687-fd6f9e3699bd","name":"Guid","isNumeric":false,"editor":{"controlTypeName":"TextEdit","controlXType":"textedit"},"useClientEncoding":false},"parameterValues":[{"displayValue":"\"e8279e54-fa13-4592-aaf2-2cb6eef91340\"","parameterValue":"\"e8279e54-fa13-4592-aaf2-2cb6eef91340\""}]}}]}