﻿{
  "PackageData": [
    {
      "Row": [
        {
          "SchemaColumnUId": "ae0e45ca-c495-4fe7-a39d-3ab7278e1617",
          "Value": "0f86c3f5-483c-44ba-bbe2-a2ee57bd087a"
        },
        {
          "SchemaColumnUId": "0e3d3857-2203-40e4-b1ec-8e972007650e",
          "Value": "7196040b-b04c-4c3d-b04d-72d814997f19",
          "DisplayValue": "Продажи"
        },
        {
          "SchemaColumnUId": "991cf5ef-ffb8-49a5-add3-074a595f6c43",
          "Value": "e8279e54-fa13-4592-aaf2-2cb6eef91340",
          "DisplayValue": "Концертные программы"
        },
        {
          "SchemaColumnUId": "bd12ea8e-2bc2-42bf-925a-3ab766cc0b9f",
          "Value": 26
        }
      ]
    }
  ]
}