{"_isFilter":false,"uId":"5df0facf-8ef5-4ab3-9260-5f4a653ef555","name":"FilterEdit","logicalOperation":"Or","items":[{"_isFilter":true,"_filterSchemaUId":"a8b20179-02be-4a13-8908-9fc51cb9f66d","uId":"fa16adf0-1dbe-4865-a43f-8a7688364c57","leftExpression":{"expressionType":"SchemaColumn","metaPath":"ae0e45ca-c495-4fe7-a39d-3ab7278e1617","caption":"Id","dataValueType":{"id":"23018567-a13c-4320-8687-fd6f9e3699bd","name":"Guid","isNumeric":false,"editor":{"controlTypeName":"TextEdit","controlXType":"textedit"},"useClientEncoding":false}},"comparisonType":"Equal","rightExpression":{"expressionType":"Parameter","dataValueType":{"id":"23018567-a13c-4320-8687-fd6f9e3699bd","name":"Guid","isNumeric":false,"editor":{"controlTypeName":"TextEdit","controlXType":"textedit"},"useClientEncoding":false},"parameterValues":[{"displayValue":"\"0f86c3f5-483c-44ba-bbe2-a2ee57bd087a\"","parameterValue":"\"0f86c3f5-483c-44ba-bbe2-a2ee57bd087a\""}]}}]}