﻿{
  "MetaData": {
    "Schema": {
      "ManagerName": "ClientUnitSchemaManager",
      "UId": "0d1b578b-30b7-4f99-a31a-9c18df11d257",
      "A2": "UsrPeriodicityEverydayConstant",
      "A5": "c4403022-38ea-48f3-be53-562e465abd03",
      "B1": [],
      "B2": [],
      "B3": [],
      "B6": "92b5b30f-215d-0a61-a1d3-0be46c46186d",
      "B8": "7.18.5.1500",
      "HD1": "50e3acc0-26fc-4237-a095-849a1d534bd3",
      "HD4": 1,
      "HD6": "null",
      "HD5": [],
      "HD7": [],
      "HD8": [],
      "HD11": []
    }
  }
}