﻿<?xml version="1.0" encoding="utf-8"?>
<Resources Culture="ru-RU">
	<Group Type="String">
		<Items>
			<Item Name="Caption" Value="Концертные программы в группе" />
			<Item Name="Columns.Folder.Caption" Value="Группа Концертные программы" />
			<Item Name="Columns.UsrConcertPrograms.Caption" Value="Концертные программы" />
			<Item Name="EventsProcessSchema.Caption" Value="Бизнес-процесс" />
		</Items>
	</Group>
</Resources>