﻿{
  "Descriptor": {
    "UId": "cd407a99-aa76-4075-3266-e6584ce22cfc",
    "Name": "UsrPerformanceState",
    "ModifiedOnUtc": "\/Date(1643288718000)\/",
    "InstallType": 0,
    "Schema": {
      "UId": "6db4f8fd-1f21-4a2c-91a2-c7afd4ecc057",
      "Name": "UsrPerformanceState"
    },
    "Columns": [
      {
        "ColumnUId": "736c30a7-c0ec-4fa9-b034-2552b319b633",
        "IsForceUpdate": false,
        "IsKey": false,
        "ColumnName": "Name",
        "DataTypeValueUId": "ddb3a1ee-07e8-4d62-b7a9-d0e618b00fbd"
      },
      {
        "ColumnUId": "9e53fd7c-dde4-4502-a64c-b9e34148108b",
        "IsForceUpdate": false,
        "IsKey": false,
        "ColumnName": "Description",
        "DataTypeValueUId": "ddb3a1ee-07e8-4d62-b7a9-d0e618b00fbd"
      },
      {
        "ColumnUId": "ae0e45ca-c495-4fe7-a39d-3ab7278e1617",
        "IsForceUpdate": false,
        "IsKey": true,
        "ColumnName": "Id",
        "DataTypeValueUId": "23018567-a13c-4320-8687-fd6f9e3699bd"
      }
    ]
  }
}