{"_isFilter":false,"uId":"e8b7a04e-3f72-4cbe-950b-b1557ea0bf91","name":"FilterEdit","logicalOperation":"Or","items":[{"_isFilter":true,"_filterSchemaUId":"2aecdb97-990e-4c17-96f4-240ca6531c84","uId":"d718303f-1c1b-4e26-9fdf-e81120c507e6","leftExpression":{"expressionType":"SchemaColumn","metaPath":"ae0e45ca-c495-4fe7-a39d-3ab7278e1617","caption":"Id","dataValueType":{"id":"23018567-a13c-4320-8687-fd6f9e3699bd","name":"Guid","isNumeric":false,"editor":{"controlTypeName":"TextEdit","controlXType":"textedit"},"useClientEncoding":false}},"comparisonType":"Equal","rightExpression":{"expressionType":"Parameter","dataValueType":{"id":"23018567-a13c-4320-8687-fd6f9e3699bd","name":"Guid","isNumeric":false,"editor":{"controlTypeName":"TextEdit","controlXType":"textedit"},"useClientEncoding":false},"parameterValues":[{"displayValue":"\"d0463f61-a152-49b0-97b5-d840b8d14764\"","parameterValue":"\"d0463f61-a152-49b0-97b5-d840b8d14764\""}]}}]}