{"_isFilter":false,"uId":"05149402-f8ee-4156-aa20-66ef62e6c816","name":"FilterEdit","logicalOperation":"Or","items":[{"_isFilter":true,"_filterSchemaUId":"24666f2d-049f-4867-ae2c-db681c40c001","uId":"6afd708f-22cd-4c14-b709-c18fecd8d0fc","leftExpression":{"expressionType":"SchemaColumn","metaPath":"ae0e45ca-c495-4fe7-a39d-3ab7278e1617","caption":"Id","dataValueType":{"id":"23018567-a13c-4320-8687-fd6f9e3699bd","name":"Guid","isNumeric":false,"editor":{"controlTypeName":"TextEdit","controlXType":"textedit"},"useClientEncoding":false}},"comparisonType":"Equal","rightExpression":{"expressionType":"Parameter","dataValueType":{"id":"23018567-a13c-4320-8687-fd6f9e3699bd","name":"Guid","isNumeric":false,"editor":{"controlTypeName":"TextEdit","controlXType":"textedit"},"useClientEncoding":false},"parameterValues":[{"displayValue":"\"ed5198c4-990f-4502-91aa-c5f24a96f73b\"","parameterValue":"\"ed5198c4-990f-4502-91aa-c5f24a96f73b\""}]}}]}