﻿<?xml version="1.0" encoding="utf-8"?>
<Resources Culture="ru-RU">
	<Group Type="String">
		<Items>
			<Item Name="Caption" Value="Схема детали: &quot;Выступления&quot;" />
			<Item Name="Columns.UsrConcertPrograms.Caption" Value="Концертная программа" />
			<Item Name="Columns.UsrPerformanceDate.Caption" Value="Дата выступления" />
			<Item Name="Columns.UsrPerformanceState.Caption" Value="Состояние выступления" />
			<Item Name="Columns.UsrResponsible.Caption" Value="Ответственный" />
			<Item Name="Columns.UsrTicketNumber.Caption" Value="Число билетов" />
			<Item Name="EventsProcessSchema.Caption" Value="Бизнес-процесс" />
		</Items>
	</Group>
</Resources>