{"_isFilter":false,"uId":"16bcac32-6af5-445a-aba8-fab1f507fb14","name":"FilterEdit","logicalOperation":"Or","items":[{"_isFilter":true,"_filterSchemaUId":"9c762665-90ad-497b-ac4b-45bb729630a1","uId":"d275fed6-795c-4d1e-aa8d-e74d5e32d45f","leftExpression":{"expressionType":"SchemaColumn","metaPath":"ae0e45ca-c495-4fe7-a39d-3ab7278e1617","caption":"Id","dataValueType":{"id":"23018567-a13c-4320-8687-fd6f9e3699bd","name":"Guid","isNumeric":false,"editor":{"controlTypeName":"TextEdit","controlXType":"textedit"},"useClientEncoding":false}},"comparisonType":"Equal","rightExpression":{"expressionType":"Parameter","dataValueType":{"id":"23018567-a13c-4320-8687-fd6f9e3699bd","name":"Guid","isNumeric":false,"editor":{"controlTypeName":"TextEdit","controlXType":"textedit"},"useClientEncoding":false},"parameterValues":[{"displayValue":"\"786c1fbc-86a3-46e0-8a15-098fafda92c1\"","parameterValue":"\"786c1fbc-86a3-46e0-8a15-098fafda92c1\""}]}}]}