﻿{
  "PackageData": [
    {
      "Row": [
        {
          "SchemaColumnUId": "ae0e45ca-c495-4fe7-a39d-3ab7278e1617",
          "Value": "761f1004-3bae-40bc-914c-0d6b797a95b2"
        },
        {
          "SchemaColumnUId": "009571ab-9c5d-4a20-bf83-dd499ed5a833",
          "Value": ""
        },
        {
          "SchemaColumnUId": "547bff8d-f717-4316-846c-3ff1f0e36e6e",
          "Value": "Состояние выступления"
        },
        {
          "SchemaColumnUId": "8b099885-e3bc-4585-920d-a497f2611e2c",
          "Value": "null",
          "DisplayValue": ""
        },
        {
          "SchemaColumnUId": "91bcbbaa-7f66-4cbf-9de4-9170da8b8d4b",
          "Value": "6db4f8fd-1f21-4a2c-91a2-c7afd4ecc057"
        },
        {
          "SchemaColumnUId": "91f76f42-e24d-4ebd-95b3-5b5517e917c3",
          "Value": "null"
        }
      ]
    }
  ]
}