{"_isFilter":false,"uId":"7634d4a3-8913-4eb2-9721-079f2021801b","name":"FilterEdit","logicalOperation":"Or","items":[{"_isFilter":true,"_filterSchemaUId":"2aecdb97-990e-4c17-96f4-240ca6531c84","uId":"855fdf19-30f1-4710-a6e9-7bbc7273ab0d","leftExpression":{"expressionType":"SchemaColumn","metaPath":"ae0e45ca-c495-4fe7-a39d-3ab7278e1617","caption":"Id","dataValueType":{"id":"23018567-a13c-4320-8687-fd6f9e3699bd","name":"Guid","isNumeric":false,"editor":{"controlTypeName":"TextEdit","controlXType":"textedit"},"useClientEncoding":false}},"comparisonType":"Equal","rightExpression":{"expressionType":"Parameter","dataValueType":{"id":"23018567-a13c-4320-8687-fd6f9e3699bd","name":"Guid","isNumeric":false,"editor":{"controlTypeName":"TextEdit","controlXType":"textedit"},"useClientEncoding":false},"parameterValues":[{"displayValue":"\"761f1004-3bae-40bc-914c-0d6b797a95b2\"","parameterValue":"\"761f1004-3bae-40bc-914c-0d6b797a95b2\""}]}}]}