﻿{
  "PackageData": [
    {
      "Row": [
        {
          "SchemaColumnUId": "ae0e45ca-c495-4fe7-a39d-3ab7278e1617",
          "Value": "c6ef4245-943b-4643-b1d2-797d9d0d976d"
        },
        {
          "SchemaColumnUId": "13aad544-ec30-4e76-a373-f0cff3202e24",
          "Value": "MaxActiveEverydayConcertProgram"
        },
        {
          "SchemaColumnUId": "64fadca1-ab7c-4471-9d25-68599acc729b",
          "Value": false
        },
        {
          "SchemaColumnUId": "764cd95a-59b3-4060-b17f-2797d5c76aaa",
          "Value": false
        },
        {
          "SchemaColumnUId": "b2280617-35f9-4006-8634-c557a2e121c2",
          "Value": "null"
        },
        {
          "SchemaColumnUId": "eb971f1a-dd41-4668-99aa-1f2a6b61a1b9",
          "Value": true
        },
        {
          "SchemaColumnUId": "f7960a8a-1fd4-41d2-997a-fd78ea60075f",
          "Value": "Integer"
        }
      ]
    }
  ]
}