﻿{
  "PackageData": [
    {
      "Row": [
        {
          "SchemaColumnUId": "ae0e45ca-c495-4fe7-a39d-3ab7278e1617",
          "Value": "6b80d36e-9f37-40f8-957c-dc360e389889"
        },
        {
          "SchemaColumnUId": "49ad8ee2-65a6-4cdd-b8f6-85c2f10a54dc",
          "Value": "Выступления"
        },
        {
          "SchemaColumnUId": "631e7238-2751-4a21-b6d6-9f1ac0c84f95",
          "Value": "ecc24d02-965d-494e-8e69-929cff58d57e"
        },
        {
          "SchemaColumnUId": "8585929c-62ae-4673-ae8d-bb37f87e5144",
          "Value": "a9f64822-de70-4f07-bc58-daf7627c8317"
        }
      ]
    }
  ]
}