{"_isFilter":false,"uId":"305de921-4fa0-4488-9f86-7fd7df74ee8a","name":"FilterEdit","logicalOperation":"Or","items":[{"_isFilter":true,"_filterSchemaUId":"363c2008-c733-407d-9b01-9e6a7cd9a77a","uId":"e10a48f4-42d3-4e43-aecc-9945024ed80d","leftExpression":{"expressionType":"SchemaColumn","metaPath":"ae0e45ca-c495-4fe7-a39d-3ab7278e1617","caption":"Id","dataValueType":{"id":"23018567-a13c-4320-8687-fd6f9e3699bd","name":"Guid","isNumeric":false,"editor":{"controlTypeName":"TextEdit","controlXType":"textedit"},"useClientEncoding":false}},"comparisonType":"Equal","rightExpression":{"expressionType":"Parameter","dataValueType":{"id":"23018567-a13c-4320-8687-fd6f9e3699bd","name":"Guid","isNumeric":false,"editor":{"controlTypeName":"TextEdit","controlXType":"textedit"},"useClientEncoding":false},"parameterValues":[{"displayValue":"\"6b80d36e-9f37-40f8-957c-dc360e389889\"","parameterValue":"\"6b80d36e-9f37-40f8-957c-dc360e389889\""}]}}]}