{"_isFilter":false,"uId":"2ddce9ce-b664-4aef-9a2a-a7de6d7afa8f","name":"FilterEdit","logicalOperation":"Or","items":[{"_isFilter":true,"_filterSchemaUId":"363c2008-c733-407d-9b01-9e6a7cd9a77a","uId":"69105a16-34fa-4426-a340-fdb89fa7f117","leftExpression":{"expressionType":"SchemaColumn","metaPath":"ae0e45ca-c495-4fe7-a39d-3ab7278e1617","caption":"Id","dataValueType":{"id":"23018567-a13c-4320-8687-fd6f9e3699bd","name":"Guid","isNumeric":false,"editor":{"controlTypeName":"TextEdit","controlXType":"textedit"},"useClientEncoding":false}},"comparisonType":"Equal","rightExpression":{"expressionType":"Parameter","dataValueType":{"id":"23018567-a13c-4320-8687-fd6f9e3699bd","name":"Guid","isNumeric":false,"editor":{"controlTypeName":"TextEdit","controlXType":"textedit"},"useClientEncoding":false},"parameterValues":[{"displayValue":"\"8c0a48af-e180-4f70-a218-7f43a4965cd3\"","parameterValue":"\"8c0a48af-e180-4f70-a218-7f43a4965cd3\""}]}}]}