{"_isFilter":false,"uId":"30acd82b-b743-407f-bcf1-2d76080f5c14","name":"FilterEdit","logicalOperation":"Or","items":[{"_isFilter":true,"_filterSchemaUId":"9c762665-90ad-497b-ac4b-45bb729630a1","uId":"6e2bc522-0385-4f1a-ae53-b7b448bae696","leftExpression":{"expressionType":"SchemaColumn","metaPath":"ae0e45ca-c495-4fe7-a39d-3ab7278e1617","caption":"Id","dataValueType":{"id":"23018567-a13c-4320-8687-fd6f9e3699bd","name":"Guid","isNumeric":false,"editor":{"controlTypeName":"TextEdit","controlXType":"textedit"},"useClientEncoding":false}},"comparisonType":"Equal","rightExpression":{"expressionType":"Parameter","dataValueType":{"id":"23018567-a13c-4320-8687-fd6f9e3699bd","name":"Guid","isNumeric":false,"editor":{"controlTypeName":"TextEdit","controlXType":"textedit"},"useClientEncoding":false},"parameterValues":[{"displayValue":"\"9d63c854-5b2e-4b3f-a620-5ab9eddfe20c\"","parameterValue":"\"9d63c854-5b2e-4b3f-a620-5ab9eddfe20c\""}]}}]}