﻿<?xml version="1.0" encoding="utf-8"?>
<Resources Culture="en-US">
	<Group Type="String">
		<Items>
			<Item Name="Caption" Value="Страница редактирования: &quot;Концертные программы&quot;" />
			<Item Name="LocalizableStrings.Tabc371cbecTabLabelTabCaption.Value" Value="Выступления" />
			<Item Name="LocalizableStrings.UsrSchemaf501b119Detail08e06a02DetailCaptionOnPage.Value" Value="Выступление" />
			<Item Name="LocalizableStrings.UsrSchemaf501b119Detailf14f34dcDetailCaptionOnPage.Value" Value="Выступление" />
		</Items>
	</Group>
</Resources>