﻿{
  "PackageData": [
    {
      "Row": [
        {
          "SchemaColumnUId": "ae0e45ca-c495-4fe7-a39d-3ab7278e1617",
          "Value": "31518376-cbce-4c20-baac-87680d0d319e"
        }
      ]
    },
    {
      "Row": [
        {
          "SchemaColumnUId": "ae0e45ca-c495-4fe7-a39d-3ab7278e1617",
          "Value": "bf106eba-7e27-402c-b9ca-878a6587a2d2"
        }
      ]
    },
    {
      "Row": [
        {
          "SchemaColumnUId": "ae0e45ca-c495-4fe7-a39d-3ab7278e1617",
          "Value": "cc25db07-f4c3-4482-9fa3-9a40d5d79460"
        }
      ]
    }
  ]
}