﻿{
  "Descriptor": {
    "UId": "d3ae3c5d-4a81-328d-cc5f-b056d4284e18",
    "Name": "UsrPereodicity",
    "ModifiedOnUtc": "\/Date(1643288666000)\/",
    "InstallType": 0,
    "Schema": {
      "UId": "c2a7cebf-98ed-4d19-96b5-7f43e26e19ea",
      "Name": "UsrPereodicity"
    },
    "Columns": [
      {
        "ColumnUId": "ae0e45ca-c495-4fe7-a39d-3ab7278e1617",
        "IsForceUpdate": false,
        "IsKey": true,
        "ColumnName": "Id",
        "DataTypeValueUId": "23018567-a13c-4320-8687-fd6f9e3699bd"
      },
      {
        "ColumnUId": "9e53fd7c-dde4-4502-a64c-b9e34148108b",
        "IsForceUpdate": false,
        "IsKey": false,
        "ColumnName": "Description",
        "DataTypeValueUId": "ddb3a1ee-07e8-4d62-b7a9-d0e618b00fbd"
      },
      {
        "ColumnUId": "736c30a7-c0ec-4fa9-b034-2552b319b633",
        "IsForceUpdate": false,
        "IsKey": false,
        "ColumnName": "Name",
        "DataTypeValueUId": "ddb3a1ee-07e8-4d62-b7a9-d0e618b00fbd"
      }
    ]
  }
}